,Postcode,In Use?,Latitude,Longitude,Easting,Northing,Grid Ref,County,District,Ward,District Code,Ward Code,Country,County Code,Constituency,Introduced,Terminated,Parish,National Park,Population,Households,Built up area,Built up sub-division,Lower layer super output area,Rural/urban,Region,Altitude,London zone,LSOA Code,Local authority,MSOA Code,Middle layer super output area,Parish Code,Census output area,Constituency Code,Index of Multiple Deprivation,Quality,User Type,Last updated,Nearest station,Distance to station,Postcode area,Postcode district,Police force,Water company,Plus Code,Average Income,Sewage Company,Travel To Work Area,ITL level 2,ITL level 3,cluster_label
0,RG6 4AA,Yes,51.421335,-0.937741,473959,169682,SU739696,Berkshire,Wokingham,Hillside,E06000041,E05002382,England,E11000002,Wokingham,1983-07-01,,Earley,,27.0,11.0,Reading,Reading,Wokingham 012C,Urban city and town,South East,64,,E01016655,,E02003450,Shinfield,E04001230,E00084054,E14001048,32800,1,0,2021-11-12,Earley,2.5877,RG,RG6,Thames Valley,Thames Water,9C3XC3C6+GW,70100,,Reading,"Berkshire, Buckinghamshire and Oxfordshire",Berkshire,2
1,RG6 4AB,Yes,51.421914,-0.936189,474066,169748,SU740697,Berkshire,Wokingham,Hillside,E06000041,E05002382,England,E11000002,Wokingham,1983-07-01,,Earley,,37.0,19.0,Reading,Reading,Wokingham 012B,Urban city and town,South East,64,,E01016654,,E02003450,Shinfield,E04001230,E00084050,E14001048,32673,1,0,2021-11-12,Earley,2.47689,RG,RG6,Thames Valley,Thames Water,9C3XC3C7+QG,70100,,Reading,"Berkshire, Buckinghamshire and Oxfordshire",Berkshire,2
2,RG6 4AD,Yes,51.421652,-0.937964,473943,169717,SU739697,Berkshire,Wokingham,Hillside,E06000041,E05002382,England,E11000002,Wokingham,1983-07-01,,Earley,,74.0,35.0,Reading,Reading,Wokingham 012B,Urban city and town,South East,66,,E01016654,,E02003450,Shinfield,E04001230,E00084053,E14001048,32673,1,0,2021-11-12,Earley,2.56616,RG,RG6,Thames Valley,Thames Water,9C3XC3C6+MR,70100,,Reading,"Berkshire, Buckinghamshire and Oxfordshire",Berkshire,2
3,RG6 4AE,Yes,51.420934,-0.935162,474139,169640,SU741696,Berkshire,Wokingham,Hillside,E06000041,E05002382,England,E11000002,Wokingham,1983-01-01,,Earley,,99.0,44.0,Reading,Reading,Wokingham 012B,Urban city and town,South East,57,,E01016654,,E02003450,Shinfield,E04001230,E00084053,E14001048,32673,1,0,2021-11-12,Earley,2.53709,RG,RG6,Thames Valley,Thames Water,9C3XC3C7+9W,70100,,Reading,"Berkshire, Buckinghamshire and Oxfordshire",Berkshire,2
4,RG6 4AF,Yes,51.421492,-0.935249,474132,169702,SU741697,Berkshire,Wokingham,Hillside,E06000041,E05002382,England,E11000002,Wokingham,1983-01-01,,Earley,,36.0,19.0,Reading,Reading,Wokingham 012B,Urban city and town,South East,59,,E01016654,,E02003450,Shinfield,E04001230,E00084053,E14001048,32673,1,0,2021-11-12,Earley,2.48539,RG,RG6,Thames Valley,Thames Water,9C3XC3C7+HW,70100,,Reading,"Berkshire, Buckinghamshire and Oxfordshire",Berkshire,2
5,RG6 4AG,Yes,51.420415,-0.935418,474122,169582,SU741695,Berkshire,Wokingham,Hillside,E06000041,E05002382,England,E11000002,Wokingham,1983-01-01,,Earley,,32.0,14.0,Reading,Reading,Wokingham 012B,Urban city and town,South East,56,,E01016654,,E02003450,Shinfield,E04001230,E00084053,E14001048,32673,1,0,2021-11-12,Earley,2.59637,RG,RG6,Thames Valley,Thames Water,9C3XC3C7+5R,70100,,Reading,"Berkshire, Buckinghamshire and Oxfordshire",Berkshire,2
6,RG6 4AH,Yes,51.42042,-0.937058,474008,169581,SU740695,Berkshire,Wokingham,Hillside,E06000041,E05002382,England,E11000002,Wokingham,1983-03-01,,Earley,,74.0,27.0,Reading,Reading,Wokingham 012C,Urban city and town,South East,60,,E01016655,,E02003450,Shinfield,E04001230,E00084054,E14001048,32800,1,0,2021-11-12,Earley,2.65064,RG,RG6,Thames Valley,Thames Water,9C3XC3C7+55,70100,,Reading,"Berkshire, Buckinghamshire and Oxfordshire",Berkshire,2
7,RG6 4AJ,Yes,51.420075,-0.938633,473899,169541,SU738695,Berkshire,Wokingham,Hillside,E06000041,E05002382,England,E11000002,Wokingham,1983-03-01,,Earley,,112.0,60.0,Reading,Reading,Wokingham 012C,Urban city and town,South East,59,,E01016655,,E02003450,Shinfield,E04001230,E00084054,E14001048,32800,1,0,2021-11-12,Earley,2.7393,RG,RG6,Thames Valley,Thames Water,9C3XC3C6+2G,70100,,Reading,"Berkshire, Buckinghamshire and Oxfordshire",Berkshire,2
8,RG6 4AL,Yes,51.420871,-0.939204,473858,169629,SU738696,Berkshire,Wokingham,Hillside,E06000041,E05002382,England,E11000002,Wokingham,1983-03-01,,Earley,,35.0,14.0,Reading,Reading,Wokingham 012C,Urban city and town,South East,64,,E01016655,,E02003450,Shinfield,E04001230,E00084051,E14001048,32800,1,0,2021-11-12,Earley,2.6857,RG,RG6,Thames Valley,Thames Water,9C3XC3C6+88,70100,,Reading,"Berkshire, Buckinghamshire and Oxfordshire",Berkshire,2
9,RG6 4AN,Yes,51.420666,-0.938346,473918,169607,SU739696,Berkshire,Wokingham,Hillside,E06000041,E05002382,England,E11000002,Wokingham,1983-03-01,,Earley,,43.0,14.0,Reading,Reading,Wokingham 012C,Urban city and town,South East,61,,E01016655,,E02003450,Shinfield,E04001230,E00084054,E14001048,32800,1,0,2021-11-12,Earley,2.67296,RG,RG6,Thames Valley,Thames Water,9C3XC3C6+7M,70100,,Reading,"Berkshire, Buckinghamshire and Oxfordshire",Berkshire,2
10,RG6 4AP,Yes,51.419473,-0.939625,473831,169473,SU738694,Berkshire,Wokingham,Hillside,E06000041,E05002382,England,E11000002,Wokingham,1985-04-01,,Earley,,43.0,18.0,Reading,Reading,Wokingham 012C,Urban city and town,South East,57,,E01016655,,E02003450,Shinfield,E04001230,E00084054,E14001048,32800,1,0,2021-11-12,Earley,2.83234,RG,RG6,Thames Valley,Thames Water,9C3XC396+Q5,70100,,Reading,"Berkshire, Buckinghamshire and Oxfordshire",Berkshire,2
11,RG6 4AQ,Yes,51.420942,-0.937017,474010,169639,SU740696,Berkshire,Wokingham,Hillside,E06000041,E05002382,England,E11000002,Wokingham,1983-03-01,,Earley,,18.0,7.0,Reading,Reading,Wokingham 012B,Urban city and town,South East,62,,E01016654,,E02003450,Shinfield,E04001230,E00084053,E14001048,32673,1,0,2021-11-12,Earley,2.59907,RG,RG6,Thames Valley,Thames Water,9C3XC3C7+95,70100,,Reading,"Berkshire, Buckinghamshire and Oxfordshire",Berkshire,2
12,RG6 4AR,Yes,51.42051,-0.940982,473735,169587,SU737695,Berkshire,Wokingham,Hillside,E06000041,E05002382,England,E11000002,Wokingham,1985-04-01,,Earley,,69.0,22.0,Reading,Reading,Wokingham 012C,Urban city and town,South East,63,,E01016655,,E02003450,Shinfield,E04001230,E00084055,E14001048,32800,1,0,2021-11-12,Earley,2.78787,RG,RG6,Thames Valley,Thames Water,9C3XC3C5+6J,70100,,Reading,"Berkshire, Buckinghamshire and Oxfordshire",Berkshire,2
13,RG6 4AS,Yes,51.422209,-0.939964,473803,169777,SU738697,Berkshire,Wokingham,Hillside,E06000041,E05002382,England,E11000002,Wokingham,1985-04-01,,Earley,,5.0,1.0,Reading,Reading,Wokingham 012C,Urban city and town,South East,72,,E01016655,,E02003450,Shinfield,E04001230,E00084051,E14001048,32800,1,0,2021-11-12,Earley,2.5931,RG,RG6,Thames Valley,Thames Water,9C3XC3C6+V2,70100,,Reading,"Berkshire, Buckinghamshire and Oxfordshire",Berkshire,2
14,RG6 4AT,Yes,51.420721,-0.944443,473494,169607,SU734696,Berkshire,Wokingham,Shinfield North,E06000041,E05002388,England,E11000002,Wokingham,1983-07-01,,Shinfield,,19.0,8.0,Reading,Reading,Wokingham 012D,Urban city and town,South East,66,,E01016679,,E02003450,Shinfield,E04001235,E00167039,E14001048,24070,1,0,2021-11-12,Earley,2.91322,RG,RG6,Thames Valley,Thames Water,9C3XC3C4+76,70100,,Reading,"Berkshire, Buckinghamshire and Oxfordshire",Berkshire,2
15,RG6 4AU,Yes,51.421894,-0.944847,473464,169737,SU734697,Berkshire,Wokingham,Shinfield North,E06000041,E05002388,England,E11000002,Wokingham,1983-07-01,,Shinfield,,52.0,19.0,Reading,Reading,Wokingham 012D,Urban city and town,South East,73,,E01016679,,E02003450,Shinfield,E04001235,E00167039,E14001048,24070,1,0,2021-11-12,Earley,2.8314,RG,RG6,Thames Valley,Thames Water,9C3XC3C4+Q3,70100,,Reading,"Berkshire, Buckinghamshire and Oxfordshire",Berkshire,2
16,RG6 4AW,Yes,51.41985,-0.940609,473762,169514,SU737695,Berkshire,Wokingham,Hillside,E06000041,E05002382,England,E11000002,Wokingham,1985-04-01,,Earley,,71.0,29.0,Reading,Reading,Wokingham 012C,Urban city and town,South East,58,,E01016655,,E02003450,Shinfield,E04001230,E00084055,E14001048,32800,1,0,2021-11-12,Earley,2.834,RG,RG6,Thames Valley,Thames Water,9C3XC395+WQ,70100,,Reading,"Berkshire, Buckinghamshire and Oxfordshire",Berkshire,2
17,RG6 4AX,Yes,51.421127,-0.94557,473415,169651,SU734696,Berkshire,Wokingham,Shinfield North,E06000041,E05002388,England,E11000002,Wokingham,1983-07-01,,Shinfield,,13.0,6.0,Reading,Reading,Wokingham 012D,Urban city and town,South East,72,,E01016679,,E02003450,Shinfield,E04001235,E00167039,E14001048,24070,1,0,2021-11-12,Earley,2.92862,RG,RG6,Thames Valley,Thames Water,9C3XC3C3+FQ,70100,,Reading,"Berkshire, Buckinghamshire and Oxfordshire",Berkshire,2
18,RG6 4AY,Yes,51.420292,-0.94277,473611,169561,SU736695,Berkshire,Wokingham,Hillside,E06000041,E05002382,England,E11000002,Wokingham,1983-07-01,,Earley,,15.0,6.0,Reading,Reading,Wokingham 012C,Urban city and town,South East,60,,E01016655,,E02003450,Shinfield,E04001230,E00084055,E14001048,32800,1,0,2021-11-12,Earley,2.87987,RG,RG6,Thames Valley,Thames Water,9C3XC3C4+4V,70100,,Reading,"Berkshire, Buckinghamshire and Oxfordshire",Berkshire,2
19,RG6 4AZ,Yes,51.42043,-0.94514,473446,169574,SU734695,Berkshire,Wokingham,Shinfield North,E06000041,E05002388,England,E11000002,Wokingham,1983-07-01,,Shinfield,,178.0,62.0,Reading,Reading,Wokingham 012D,Urban city and town,South East,68,,E01016679,,E02003450,Shinfield,E04001235,E00167039,E14001048,24070,1,0,2021-11-12,Earley,2.96879,RG,RG6,Thames Valley,Thames Water,9C3XC3C3+5W,70100,,Reading,"Berkshire, Buckinghamshire and Oxfordshire",Berkshire,2
20,RG6 4BA,Yes,51.426113,-0.91736,475368,170234,SU753702,Berkshire,Wokingham,Hawkedon,E06000041,E05002381,England,E11000002,Wokingham,1984-02-01,,Earley,,27.0,11.0,Reading,Reading,Wokingham 011C,Urban city and town,South East,42,,E01016646,,E02003449,Lower Earley South,E04001230,E00084037,E14001048,30028,1,0,2021-11-12,Earley,1.6659,RG,RG6,Thames Valley,Thames Water,9C3XC3GM+C3,75300,,Reading,"Berkshire, Buckinghamshire and Oxfordshire",Berkshire,0
21,RG6 4BB,Yes,51.425697,-0.918237,475308,170187,SU753701,Berkshire,Wokingham,Hawkedon,E06000041,E05002381,England,E11000002,Wokingham,1984-02-01,,Earley,,53.0,28.0,Reading,Reading,Wokingham 011D,Urban city and town,South East,42,,E01016648,,E02003449,Lower Earley South,E04001230,E00084033,E14001048,30044,1,0,2021-11-12,Earley,1.71164,RG,RG6,Thames Valley,Thames Water,9C3XC3GJ+7P,75300,,Reading,"Berkshire, Buckinghamshire and Oxfordshire",Berkshire,0
22,RG6 4BD,Yes,51.424661,-0.918031,475324,170072,SU753700,Berkshire,Wokingham,Hawkedon,E06000041,E05002381,England,E11000002,Wokingham,1984-02-01,,Earley,,96.0,41.0,Reading,Reading,Wokingham 011C,Urban city and town,South East,41,,E01016646,,E02003449,Lower Earley South,E04001230,E00084038,E14001048,30028,1,0,2021-11-12,Earley,1.82668,RG,RG6,Thames Valley,Thames Water,9C3XC3FJ+VQ,75300,,Reading,"Berkshire, Buckinghamshire and Oxfordshire",Berkshire,0
23,RG6 4BE,Yes,51.425196,-0.919323,475233,170130,SU752701,Berkshire,Wokingham,Hawkedon,E06000041,E05002381,England,E11000002,Wokingham,1984-02-01,,Earley,,68.0,28.0,Reading,Reading,Wokingham 011D,Urban city and town,South East,41,,E01016648,,E02003449,Lower Earley South,E04001230,E00084016,E14001048,30044,1,0,2021-11-12,Earley,1.76964,RG,RG6,Thames Valley,Thames Water,9C3XC3GJ+37,75300,,Reading,"Berkshire, Buckinghamshire and Oxfordshire",Berkshire,0
24,RG6 4BG,Yes,51.419859,-0.944563,473487,169511,SU734695,Berkshire,Wokingham,Shinfield North,E06000041,E05002388,England,E11000002,Wokingham,1985-10-01,,Shinfield,,21.0,9.0,Reading,Reading,Wokingham 012D,Urban city and town,South East,63,,E01016679,,E02003450,Shinfield,E04001235,E00167039,E14001048,24070,1,0,2021-11-12,Earley,2.9934,RG,RG6,Thames Valley,Thames Water,9C3XC394+W5,70100,,Reading,"Berkshire, Buckinghamshire and Oxfordshire",Berkshire,2
25,RG6 4BH,Yes,51.424057,-0.916794,475411,170006,SU754700,Berkshire,Wokingham,Hawkedon,E06000041,E05002381,England,E11000002,Wokingham,1985-04-01,,Earley,,21.0,9.0,Reading,Reading,Wokingham 011C,Urban city and town,South East,40,,E01016646,,E02003449,Lower Earley South,E04001230,E00084038,E14001048,30028,1,0,2021-11-12,Earley,1.8956,RG,RG6,Thames Valley,Thames Water,9C3XC3FM+J7,75300,,Reading,"Berkshire, Buckinghamshire and Oxfordshire",Berkshire,0
26,RG6 4BJ,Yes,51.424639,-0.916608,475423,170071,SU754700,Berkshire,Wokingham,Hawkedon,E06000041,E05002381,England,E11000002,Wokingham,1985-04-01,,Earley,,145.0,41.0,Reading,Reading,Wokingham 011C,Urban city and town,South East,40,,E01016646,,E02003449,Lower Earley South,E04001230,E00084037,E14001048,30028,1,0,2021-11-12,Earley,1.83162,RG,RG6,Thames Valley,Thames Water,9C3XC3FM+V9,75300,,Reading,"Berkshire, Buckinghamshire and Oxfordshire",Berkshire,0
27,RG6 4BL,Yes,51.423339,-0.916034,475465,169927,SU754699,Berkshire,Wokingham,Hawkedon,E06000041,E05002381,England,E11000002,Wokingham,1985-04-01,,Earley,,44.0,18.0,Reading,Reading,Wokingham 011C,Urban city and town,South East,40,,E01016646,,E02003449,Lower Earley South,E04001230,E00084038,E14001048,30028,1,0,2021-11-12,Earley,1.97821,RG,RG6,Thames Valley,Thames Water,9C3XC3FM+8H,75300,,Reading,"Berkshire, Buckinghamshire and Oxfordshire",Berkshire,0
28,RG6 4BN,Yes,51.42389,-0.915345,475512,169989,SU755699,Berkshire,Wokingham,Hawkedon,E06000041,E05002381,England,E11000002,Wokingham,1985-04-01,,Earley,,68.0,24.0,Reading,Reading,Wokingham 011C,Urban city and town,South East,40,,E01016646,,E02003449,Lower Earley South,E04001230,E00084038,E14001048,30028,1,0,2021-11-12,Earley,1.9211,RG,RG6,Thames Valley,Thames Water,9C3XC3FM+HV,75300,,Reading,"Berkshire, Buckinghamshire and Oxfordshire",Berkshire,0
29,RG6 4BP,Yes,51.418797,-0.946472,473356,169391,SU733693,Berkshire,Wokingham,Shinfield North,E06000041,E05002388,England,E11000002,Wokingham,1986-04-01,,Shinfield,,75.0,28.0,Reading,Reading,Wokingham 012D,Urban city and town,South East,70,,E01016679,,E02003450,Shinfield,E04001235,E00167039,E14001048,24070,1,0,2021-11-12,Earley,3.16797,RG,RG6,Thames Valley,Thames Water,9C3XC393+GC,70100,,Reading,"Berkshire, Buckinghamshire and Oxfordshire",Berkshire,2
30,RG6 4BQ,Yes,51.419908,-0.944073,473521,169517,SU735695,Berkshire,Wokingham,Hillside,E06000041,E05002382,England,E11000002,Wokingham,1985-10-01,,Earley,,25.0,8.0,Reading,Reading,Wokingham 012C,Urban city and town,South East,61,,E01016655,,E02003450,Shinfield,E04001230,E00084055,E14001048,32800,1,0,2021-11-12,Earley,2.96832,RG,RG6,Thames Valley,Thames Water,9C3XC394+X9,70100,,Reading,"Berkshire, Buckinghamshire and Oxfordshire",Berkshire,2
31,RG6 4BS,Yes,51.426628,-0.918704,475274,170290,SU752702,Berkshire,Wokingham,Hawkedon,E06000041,E05002381,England,E11000002,Wokingham,1985-04-01,,Earley,,24.0,9.0,Reading,Reading,Wokingham 011D,Urban city and town,South East,42,,E01016648,,E02003449,Lower Earley South,E04001230,E00084033,E14001048,30044,1,0,2021-11-12,Earley,1.60887,RG,RG6,Thames Valley,Thames Water,9C3XC3GJ+MG,75300,,Reading,"Berkshire, Buckinghamshire and Oxfordshire",Berkshire,0
32,RG6 4BT,Yes,51.426606,-0.920229,475168,170286,SU751702,Berkshire,Wokingham,Hawkedon,E06000041,E05002381,England,E11000002,Wokingham,1985-04-01,,Earley,,39.0,16.0,Reading,Reading,Wokingham 011D,Urban city and town,South East,44,,E01016648,,E02003449,Lower Earley South,E04001230,E00084033,E14001048,30044,1,0,2021-11-12,Earley,1.61801,RG,RG6,Thames Valley,Thames Water,9C3XC3GH+JW,75300,,Reading,"Berkshire, Buckinghamshire and Oxfordshire",Berkshire,0
33,RG6 4BU,Yes,51.426013,-0.92125,475098,170219,SU750702,Berkshire,Wokingham,Hawkedon,E06000041,E05002381,England,E11000002,Wokingham,1985-04-01,,Earley,,86.0,32.0,Reading,Reading,Wokingham 011D,Urban city and town,South East,44,,E01016648,,E02003449,Lower Earley South,E04001230,E00084016,E14001048,30044,1,0,2021-11-12,Earley,1.6916,RG,RG6,Thames Valley,Thames Water,9C3XC3GH+CG,75300,,Reading,"Berkshire, Buckinghamshire and Oxfordshire",Berkshire,0
34,RG6 4BW,Yes,51.425615,-0.916081,475458,170180,SU754701,Berkshire,Wokingham,Hawkedon,E06000041,E05002381,England,E11000002,Wokingham,1985-04-01,,Earley,,28.0,19.0,Reading,Reading,Wokingham 011C,Urban city and town,South East,41,,E01016646,,E02003449,Lower Earley South,E04001230,E00084037,E14001048,30028,1,0,2021-11-12,Earley,1.72573,RG,RG6,Thames Valley,Thames Water,9C3XC3GM+6H,75300,,Reading,"Berkshire, Buckinghamshire and Oxfordshire",Berkshire,0
35,RG6 4BX,Yes,51.426763,-0.920714,475134,170303,SU751703,Berkshire,Wokingham,Hawkedon,E06000041,E05002381,England,E11000002,Wokingham,1985-04-01,,Earley,,152.0,73.0,Reading,Reading,Wokingham 011D,Urban city and town,South East,45,,E01016648,,E02003449,Lower Earley South,E04001230,E00084033,E14001048,30044,1,0,2021-11-12,Earley,1.60425,RG,RG6,Thames Valley,Thames Water,9C3XC3GH+PP,75300,,Reading,"Berkshire, Buckinghamshire and Oxfordshire",Berkshire,0
36,RG6 4BY,Yes,51.428306,-0.922275,475023,170473,SU750704,Berkshire,Wokingham,Hawkedon,E06000041,E05002381,England,E11000002,Wokingham,1985-04-01,,Earley,,114.0,69.0,Reading,Reading,Wokingham 011D,Urban city and town,South East,52,,E01016648,,E02003449,Lower Earley South,E04001230,E00084031,E14001048,30044,1,0,2021-11-12,Earley,1.45233,RG,RG6,Thames Valley,Thames Water,9C3XC3HH+83,75300,,Reading,"Berkshire, Buckinghamshire and Oxfordshire",Berkshire,0
37,RG6 4BZ,Yes,51.427504,-0.921114,475105,170385,SU751703,Berkshire,Wokingham,Hawkedon,E06000041,E05002381,England,E11000002,Wokingham,1985-04-01,,Earley,,130.0,73.0,Reading,Reading,Wokingham 011D,Urban city and town,South East,47,,E01016648,,E02003449,Lower Earley South,E04001230,E00084032,E14001048,30044,1,0,2021-11-12,Earley,1.5262,RG,RG6,Thames Valley,Thames Water,9C3XC3HH+2H,75300,,Reading,"Berkshire, Buckinghamshire and Oxfordshire",Berkshire,0
38,RG6 4DA,Yes,51.424953,-0.928265,474612,170094,SU746700,Berkshire,Wokingham,Hawkedon,E06000041,E05002381,England,E11000002,Wokingham,1983-03-01,,Earley,,142.0,70.0,Reading,Reading,Wokingham 011E,Urban city and town,South East,50,,E01016649,,E02003449,Lower Earley South,E04001230,E00084035,E14001048,31414,1,0,2021-11-12,Earley,1.93031,RG,RG6,Thames Valley,Thames Water,9C3XC3FC+XM,75300,,Reading,"Berkshire, Buckinghamshire and Oxfordshire",Berkshire,1
39,RG6 4DB,Yes,51.425119,-0.927729,474649,170113,SU746701,Berkshire,Wokingham,Hawkedon,E06000041,E05002381,England,E11000002,Wokingham,1983-03-01,,Earley,,43.0,21.0,Reading,Reading,Wokingham 011E,Urban city and town,South East,50,,E01016649,,E02003449,Lower Earley South,E04001230,E00084035,E14001048,31414,1,0,2021-11-12,Earley,1.89967,RG,RG6,Thames Valley,Thames Water,9C3XC3GC+2W,75300,,Reading,"Berkshire, Buckinghamshire and Oxfordshire",Berkshire,1
40,RG6 4DD,Yes,51.425348,-0.929176,474548,170137,SU745701,Berkshire,Wokingham,Hawkedon,E06000041,E05002381,England,E11000002,Wokingham,1983-03-01,,Earley,,18.0,10.0,Reading,Reading,Wokingham 011E,Urban city and town,South East,54,,E01016649,,E02003449,Lower Earley South,E04001230,E00084035,E14001048,31414,1,0,2021-11-12,Earley,1.91425,RG,RG6,Thames Valley,Thames Water,9C3XC3GC+48,75300,,Reading,"Berkshire, Buckinghamshire and Oxfordshire",Berkshire,1
41,RG6 4DE,Yes,51.425063,-0.929413,474532,170105,SU745701,Berkshire,Wokingham,Hawkedon,E06000041,E05002381,England,E11000002,Wokingham,1983-07-01,,Earley,,24.0,15.0,Reading,Reading,Wokingham 011E,Urban city and town,South East,54,,E01016649,,E02003449,Lower Earley South,E04001230,E00084035,E14001048,31414,1,0,2021-11-12,Earley,1.94986,RG,RG6,Thames Valley,Thames Water,9C3XC3GC+26,75300,,Reading,"Berkshire, Buckinghamshire and Oxfordshire",Berkshire,1
42,RG6 4DF,Yes,51.42466,-0.929581,474521,170060,SU745700,Berkshire,Wokingham,Hawkedon,E06000041,E05002381,England,E11000002,Wokingham,1983-07-01,,Earley,,42.0,28.0,Reading,Reading,Wokingham 011E,Urban city and town,South East,54,,E01016649,,E02003449,Lower Earley South,E04001230,E00084040,E14001048,31414,1,0,2021-11-12,Earley,1.99552,RG,RG6,Thames Valley,Thames Water,9C3XC3FC+V5,75300,,Reading,"Berkshire, Buckinghamshire and Oxfordshire",Berkshire,1
43,RG6 4DG,Yes,51.423755,-0.927962,474635,169961,SU746699,Berkshire,Wokingham,Hawkedon,E06000041,E05002381,England,E11000002,Wokingham,1983-07-01,,Earley,,39.0,17.0,Reading,Reading,Wokingham 011E,Urban city and town,South East,48,,E01016649,,E02003449,Lower Earley South,E04001230,E00084041,E14001048,31414,1,0,2021-11-12,Earley,2.04746,RG,RG6,Thames Valley,Thames Water,9C3XC3FC+GR,75300,,Reading,"Berkshire, Buckinghamshire and Oxfordshire",Berkshire,1
44,RG6 4DH,Yes,51.422196,-0.923727,474932,169792,SU749697,Berkshire,Wokingham,Hawkedon,E06000041,E05002381,England,E11000002,Wokingham,2011-06-01,,Earley,,,,Reading,Reading,Wokingham 011C,Urban city and town,South East,43,,E01016646,,E02003449,Lower Earley South,E04001230,E00084014,E14001048,30028,1,0,2021-11-12,Earley,2.13788,RG,RG6,Thames Valley,Thames Water,9C3XC3CG+VG,75300,,Reading,"Berkshire, Buckinghamshire and Oxfordshire",Berkshire,1
45,RG6 4DJ,Yes,51.423899,-0.926032,474769,169979,SU747699,Berkshire,Wokingham,Hawkedon,E06000041,E05002381,England,E11000002,Wokingham,1984-02-01,,Earley,,17.0,10.0,Reading,Reading,Wokingham 011E,Urban city and town,South East,46,,E01016649,,E02003449,Lower Earley South,E04001230,E00084034,E14001048,31414,1,0,2021-11-12,Earley,1.99092,RG,RG6,Thames Valley,Thames Water,9C3XC3FF+HH,75300,,Reading,"Berkshire, Buckinghamshire and Oxfordshire",Berkshire,1
46,RG6 4DL,Yes,51.423522,-0.927105,474695,169936,SU746699,Berkshire,Wokingham,Hawkedon,E06000041,E05002381,England,E11000002,Wokingham,1984-02-01,,Earley,,57.0,31.0,Reading,Reading,Wokingham 011E,Urban city and town,South East,47,,E01016649,,E02003449,Lower Earley South,E04001230,E00084041,E14001048,31414,1,0,2021-11-12,Earley,2.05281,RG,RG6,Thames Valley,Thames Water,9C3XC3FF+C5,75300,,Reading,"Berkshire, Buckinghamshire and Oxfordshire",Berkshire,1
47,RG6 4DP,Yes,51.421423,-0.932633,474314,169697,SU743696,Berkshire,Wokingham,Hawkedon,E06000041,E05002381,England,E11000002,Wokingham,1986-04-01,,Earley,,98.0,30.0,Reading,Reading,Wokingham 011E,Urban city and town,South East,53,,E01016649,,E02003449,Lower Earley South,E04001230,E00084019,E14001048,31414,1,0,2021-11-12,Earley,2.4104,RG,RG6,Thames Valley,Thames Water,9C3XC3C8+HW,75300,,Reading,"Berkshire, Buckinghamshire and Oxfordshire",Berkshire,1
48,RG6 4DQ,Yes,51.424651,-0.927711,474651,170061,SU746700,Berkshire,Wokingham,Hawkedon,E06000041,E05002381,England,E11000002,Wokingham,1983-07-01,,Earley,,28.0,13.0,Reading,Reading,Wokingham 011E,Urban city and town,South East,48,,E01016649,,E02003449,Lower Earley South,E04001230,E00084035,E14001048,31414,1,0,2021-11-12,Earley,1.94794,RG,RG6,Thames Valley,Thames Water,9C3XC3FC+VW,75300,,Reading,"Berkshire, Buckinghamshire and Oxfordshire",Berkshire,1
49,RG6 4DR,Yes,51.421926,-0.931529,474390,169754,SU743697,Berkshire,Wokingham,Hawkedon,E06000041,E05002381,England,E11000002,Wokingham,1985-10-01,,Earley,,26.0,8.0,Reading,Reading,Wokingham 011E,Urban city and town,South East,52,,E01016649,,E02003449,Lower Earley South,E04001230,E00084019,E14001048,31414,1,0,2021-11-12,Earley,2.32796,RG,RG6,Thames Valley,Thames Water,9C3XC3C9+Q9,75300,,Reading,"Berkshire, Buckinghamshire and Oxfordshire",Berkshire,1
50,RG6 4DS,Yes,51.422037,-0.932921,474293,169765,SU742697,Berkshire,Wokingham,Hawkedon,E06000041,E05002381,England,E11000002,Wokingham,1985-10-01,,Earley,,134.0,48.0,Reading,Reading,Wokingham 011E,Urban city and town,South East,56,,E01016649,,E02003449,Lower Earley South,E04001230,E00084019,E14001048,31414,1,0,2021-11-12,Earley,2.35737,RG,RG6,Thames Valley,Thames Water,9C3XC3C8+RR,75300,,Reading,"Berkshire, Buckinghamshire and Oxfordshire",Berkshire,1
51,RG6 4DU,Yes,51.42329,-0.929325,474541,169908,SU745699,Berkshire,Wokingham,Hawkedon,E06000041,E05002381,England,E11000002,Wokingham,1984-02-01,,Earley,,29.0,18.0,Reading,Reading,Wokingham 011E,Urban city and town,South East,51,,E01016649,,E02003449,Lower Earley South,E04001230,E00084041,E14001048,31414,1,0,2021-11-12,Earley,2.12916,RG,RG6,Thames Valley,Thames Water,9C3XC3FC+87,75300,,Reading,"Berkshire, Buckinghamshire and Oxfordshire",Berkshire,1
52,RG6 4DX,Yes,51.422633,-0.929254,474547,169835,SU745698,Berkshire,Wokingham,Hawkedon,E06000041,E05002381,England,E11000002,Wokingham,1984-02-01,,Earley,,88.0,27.0,Reading,Reading,Wokingham 011E,Urban city and town,South East,50,,E01016649,,E02003449,Lower Earley South,E04001230,E00084019,E14001048,31414,1,0,2021-11-12,Earley,2.19543,RG,RG6,Thames Valley,Thames Water,9C3XC3FC+37,75300,,Reading,"Berkshire, Buckinghamshire and Oxfordshire",Berkshire,1
53,RG6 4DY,Yes,51.423641,-0.930281,474474,169946,SU744699,Berkshire,Wokingham,Hawkedon,E06000041,E05002381,England,E11000002,Wokingham,1987-04-01,,Earley,,96.0,49.0,Reading,Reading,Wokingham 011E,Urban city and town,South East,55,,E01016649,,E02003449,Lower Earley South,E04001230,E00084040,E14001048,31414,1,0,2021-11-12,Earley,2.1187,RG,RG6,Thames Valley,Thames Water,9C3XC3F9+FV,75300,,Reading,"Berkshire, Buckinghamshire and Oxfordshire",Berkshire,1
54,RG6 4DZ,Yes,51.422876,-0.931219,474410,169860,SU744698,Berkshire,Wokingham,Hawkedon,E06000041,E05002381,England,E11000002,Wokingham,1985-04-01,,Earley,,113.0,60.0,Reading,Reading,Wokingham 011E,Urban city and town,South East,55,,E01016649,,E02003449,Lower Earley South,E04001230,E00084040,E14001048,31414,1,0,2021-11-12,Earley,2.2228,RG,RG6,Thames Valley,Thames Water,9C3XC3F9+5G,75300,,Reading,"Berkshire, Buckinghamshire and Oxfordshire",Berkshire,1
55,RG6 4EA,Yes,51.425522,-0.92165,475071,170164,SU750701,Berkshire,Wokingham,Hawkedon,E06000041,E05002381,England,E11000002,Wokingham,1992-08-01,,Earley,,37.0,29.0,Reading,Reading,Wokingham 011D,Urban city and town,South East,43,,E01016648,,E02003449,Lower Earley South,E04001230,E00084016,E14001048,30044,1,0,2021-11-12,Earley,1.74949,RG,RG6,Thames Valley,Thames Water,9C3XC3GH+68,75300,,Reading,"Berkshire, Buckinghamshire and Oxfordshire",Berkshire,0
56,RG6 4ED,Yes,51.422232,-0.920778,475137,169799,SU751697,Berkshire,Wokingham,Hawkedon,E06000041,E05002381,England,E11000002,Wokingham,1987-10-01,,Earley,,16.0,8.0,Reading,Reading,Wokingham 011C,Urban city and town,South East,41,,E01016646,,E02003449,Lower Earley South,E04001230,E00084014,E14001048,30028,1,0,2021-11-12,Earley,2.10547,RG,RG6,Thames Valley,Thames Water,9C3XC3CH+VM,75300,,Reading,"Berkshire, Buckinghamshire and Oxfordshire",Berkshire,0
57,RG6 4EE,Yes,51.427615,-0.918374,475295,170400,SU752704,Berkshire,Wokingham,Hawkedon,E06000041,E05002381,England,E11000002,Wokingham,1985-04-01,,Earley,,45.0,30.0,Reading,Reading,Wokingham 011B,Urban city and town,South East,45,,E01016645,,E02003449,Lower Earley South,E04001230,E00084022,E14001048,30083,1,0,2021-11-12,Earley,1.49866,RG,RG6,Thames Valley,Thames Water,9C3XC3HJ+2M,75300,,Reading,"Berkshire, Buckinghamshire and Oxfordshire",Berkshire,0
58,RG6 4EF,Yes,51.427792,-0.916245,475443,170422,SU754704,Berkshire,Wokingham,Hawkedon,E06000041,E05002381,England,E11000002,Wokingham,1985-04-01,,Earley,,123.0,71.0,Reading,Reading,Wokingham 011B,Urban city and town,South East,44,,E01016645,,E02003449,Lower Earley South,E04001230,E00084013,E14001048,30083,1,0,2021-11-12,Earley,1.48368,RG,RG6,Thames Valley,Thames Water,9C3XC3HM+4G,75300,,Reading,"Berkshire, Buckinghamshire and Oxfordshire",Berkshire,0
59,RG6 4EG,Yes,51.426682,-0.917753,475340,170297,SU753702,Berkshire,Wokingham,Hawkedon,E06000041,E05002381,England,E11000002,Wokingham,1985-04-01,,Earley,,17.0,10.0,Reading,Reading,Wokingham 011B,Urban city and town,South East,43,,E01016645,,E02003449,Lower Earley South,E04001230,E00084013,E14001048,30083,1,0,2021-11-12,Earley,1.60218,RG,RG6,Thames Valley,Thames Water,9C3XC3GJ+MV,75300,,Reading,"Berkshire, Buckinghamshire and Oxfordshire",Berkshire,0
60,RG6 4EH,Yes,51.427961,-0.916975,475392,170440,SU753704,Berkshire,Wokingham,Hawkedon,E06000041,E05002381,England,E11000002,Wokingham,1985-04-01,,Earley,,28.0,15.0,Reading,Reading,Wokingham 011B,Urban city and town,South East,45,,E01016645,,E02003449,Lower Earley South,E04001230,E00084013,E14001048,30083,1,0,2021-11-12,Earley,1.46167,RG,RG6,Thames Valley,Thames Water,9C3XC3HM+56,75300,,Reading,"Berkshire, Buckinghamshire and Oxfordshire",Berkshire,0
61,RG6 4EJ,Yes,51.426004,-0.929147,474549,170210,SU745702,Berkshire,Wokingham,Hillside,E06000041,E05002382,England,E11000002,Wokingham,1985-04-01,,Earley,,59.0,40.0,Reading,Reading,Wokingham 008C,Urban city and town,South East,57,,E01016653,,E02003446,Lower Earley North,E04001230,E00084065,E14001048,30531,1,0,2021-11-12,Earley,1.84699,RG,RG6,Thames Valley,Thames Water,9C3XC3GC+C8,65900,,Reading,"Berkshire, Buckinghamshire and Oxfordshire",Berkshire,1
62,RG6 4EL,Yes,51.425203,-0.930057,474487,170120,SU744701,Berkshire,Wokingham,Hillside,E06000041,E05002382,England,E11000002,Wokingham,1985-04-01,,Earley,,26.0,8.0,Reading,Reading,Wokingham 008C,Urban city and town,South East,57,,E01016653,,E02003446,Lower Earley North,E04001230,E00084065,E14001048,30531,1,0,2021-11-12,Earley,1.95431,RG,RG6,Thames Valley,Thames Water,9C3XC3G9+3X,65900,,Reading,"Berkshire, Buckinghamshire and Oxfordshire",Berkshire,1
63,RG6 4EN,Yes,51.42556,-0.930667,474444,170159,SU744701,Berkshire,Wokingham,Hillside,E06000041,E05002382,England,E11000002,Wokingham,1985-04-01,,Earley,,35.0,13.0,Reading,Reading,Wokingham 008C,Urban city and town,South East,60,,E01016653,,E02003446,Lower Earley North,E04001230,E00084065,E14001048,30531,1,0,2021-11-12,Earley,1.93732,RG,RG6,Thames Valley,Thames Water,9C3XC3G9+6P,65900,,Reading,"Berkshire, Buckinghamshire and Oxfordshire",Berkshire,1
64,RG6 4EP,Yes,51.428618,-0.920897,475118,170509,SU751705,Berkshire,Wokingham,Hawkedon,E06000041,E05002381,England,E11000002,Wokingham,1986-04-01,,Earley,,43.0,24.0,Reading,Reading,Wokingham 011D,Urban city and town,South East,52,,E01016648,,E02003449,Lower Earley South,E04001230,E00084031,E14001048,30044,1,0,2021-11-12,Earley,1.40153,RG,RG6,Thames Valley,Thames Water,9C3XC3HH+CJ,75300,,Reading,"Berkshire, Buckinghamshire and Oxfordshire",Berkshire,0
65,RG6 4EQ,Yes,51.427298,-0.917116,475383,170366,SU753703,Berkshire,Wokingham,Hawkedon,E06000041,E05002381,England,E11000002,Wokingham,1985-04-01,,Earley,,21.0,9.0,Reading,Reading,Wokingham 011B,Urban city and town,South East,44,,E01016645,,E02003449,Lower Earley South,E04001230,E00084013,E14001048,30083,1,0,2021-11-12,Earley,1.53484,RG,RG6,Thames Valley,Thames Water,9C3XC3GM+W5,75300,,Reading,"Berkshire, Buckinghamshire and Oxfordshire",Berkshire,0
66,RG6 4ER,Yes,51.428801,-0.919372,475224,170531,SU752705,Berkshire,Wokingham,Hawkedon,E06000041,E05002381,England,E11000002,Wokingham,1985-10-01,,Earley,,115.0,58.0,Reading,Reading,Wokingham 011B,Urban city and town,South East,52,,E01016645,,E02003449,Lower Earley South,E04001230,E00084028,E14001048,30083,1,0,2021-11-12,Earley,1.37,RG,RG6,Thames Valley,Thames Water,9C3XC3HJ+G7,75300,,Reading,"Berkshire, Buckinghamshire and Oxfordshire",Berkshire,0
67,RG6 4ES,Yes,51.428896,-0.917989,475320,170543,SU753705,Berkshire,Wokingham,Hawkedon,E06000041,E05002381,England,E11000002,Wokingham,1985-10-01,,Earley,,165.0,73.0,Reading,Reading,Wokingham 011B,Urban city and town,South East,51,,E01016645,,E02003449,Lower Earley South,E04001230,E00084028,E14001048,30083,1,0,2021-11-12,Earley,1.35608,RG,RG6,Thames Valley,Thames Water,9C3XC3HJ+HR,75300,,Reading,"Berkshire, Buckinghamshire and Oxfordshire",Berkshire,0
68,RG6 4EU,Yes,51.428914,-0.916996,475389,170546,SU753705,Berkshire,Wokingham,Hawkedon,E06000041,E05002381,England,E11000002,Wokingham,1985-10-01,,Earley,,57.0,32.0,Reading,Reading,Wokingham 011B,Urban city and town,South East,50,,E01016645,,E02003449,Lower Earley South,E04001230,E00084022,E14001048,30083,1,0,2021-11-12,Earley,1.35582,RG,RG6,Thames Valley,Thames Water,9C3XC3HM+H6,75300,,Reading,"Berkshire, Buckinghamshire and Oxfordshire",Berkshire,0
69,RG6 4EW,Yes,51.428053,-0.92009,475175,170447,SU751704,Berkshire,Wokingham,Hawkedon,E06000041,E05002381,England,E11000002,Wokingham,1986-04-01,,Earley,,5.0,4.0,Reading,Reading,Wokingham 011D,Urban city and town,South East,49,,E01016648,,E02003449,Lower Earley South,E04001230,E00084031,E14001048,30044,1,0,2021-11-12,Earley,1.45705,RG,RG6,Thames Valley,Thames Water,9C3XC3HH+6X,75300,,Reading,"Berkshire, Buckinghamshire and Oxfordshire",Berkshire,0
70,RG6 4EX,Yes,51.428426,-0.917698,475341,170491,SU753704,Berkshire,Wokingham,Hawkedon,E06000041,E05002381,England,E11000002,Wokingham,1985-10-01,,Earley,,21.0,10.0,Reading,Reading,Wokingham 011B,Urban city and town,South East,48,,E01016645,,E02003449,Lower Earley South,E04001230,E00084022,E14001048,30083,1,0,2021-11-12,Earley,1.40845,RG,RG6,Thames Valley,Thames Water,9C3XC3HJ+9W,75300,,Reading,"Berkshire, Buckinghamshire and Oxfordshire",Berkshire,0
71,RG6 4EY,Yes,51.424915,-0.923146,474968,170095,SU749700,Berkshire,Wokingham,Hawkedon,E06000041,E05002381,England,E11000002,Wokingham,1992-08-01,,Earley,,104.0,34.0,Reading,Reading,Wokingham 011D,Urban city and town,South East,42,,E01016648,,E02003449,Lower Earley South,E04001230,E00084036,E14001048,30044,1,0,2021-11-12,Earley,1.8336,RG,RG6,Thames Valley,Thames Water,9C3XC3FG+XP,75300,,Reading,"Berkshire, Buckinghamshire and Oxfordshire",Berkshire,0
72,RG6 4EZ,Yes,51.425934,-0.922446,475015,170209,SU750702,Berkshire,Wokingham,Hawkedon,E06000041,E05002381,England,E11000002,Wokingham,1992-08-01,,Earley,,50.0,20.0,Reading,Reading,Wokingham 011D,Urban city and town,South East,44,,E01016648,,E02003449,Lower Earley South,E04001230,E00084016,E14001048,30044,1,0,2021-11-12,Earley,1.71328,RG,RG6,Thames Valley,Thames Water,9C3XC3GH+92,75300,,Reading,"Berkshire, Buckinghamshire and Oxfordshire",Berkshire,0
73,RG6 4GD,Yes,51.425627,-0.93219,474338,170165,SU743701,Berkshire,Wokingham,Hillside,E06000041,E05002382,England,E11000002,Wokingham,2001-06-01,,Earley,,,,Reading,Reading,Wokingham 008C,Urban city and town,South East,64,,E01016653,,E02003446,Lower Earley North,E04001230,E00084065,E14001048,30531,1,0,2021-11-12,Earley,1.98091,RG,RG6,Thames Valley,Thames Water,9C3XC3G9+74,65900,,Reading,"Berkshire, Buckinghamshire and Oxfordshire",Berkshire,1
74,RG6 4HA,Yes,51.422951,-0.914936,475542,169885,SU755698,Berkshire,Wokingham,Hawkedon,E06000041,E05002381,England,E11000002,Wokingham,1986-04-01,,Earley,,48.0,15.0,Reading,Reading,Wokingham 011C,Urban city and town,South East,40,,E01016646,,E02003449,Lower Earley South,E04001230,E00084017,E14001048,30028,1,0,2021-11-12,Earley,2.02775,RG,RG6,Thames Valley,Thames Water,9C3XC3FP+52,75300,,Reading,"Berkshire, Buckinghamshire and Oxfordshire",Berkshire,0
75,RG6 4HB,Yes,51.42716,-0.92562,474792,170342,SU747703,Berkshire,Wokingham,Hawkedon,E06000041,E05002381,England,E11000002,Wokingham,1995-07-01,,Earley,,7.0,3.0,Reading,Reading,Wokingham 011D,Urban city and town,South East,52,,E01016648,,E02003449,Lower Earley South,E04001230,E00084036,E14001048,30044,1,0,2021-11-12,Earley,1.63672,RG,RG6,Thames Valley,Thames Water,9C3XC3GF+VQ,75300,,Reading,"Berkshire, Buckinghamshire and Oxfordshire",Berkshire,1
76,RG6 4HD,Yes,51.427406,-0.924996,474835,170370,SU748703,Berkshire,Wokingham,Hawkedon,E06000041,E05002381,England,E11000002,Wokingham,1995-07-01,,Earley,,9.0,5.0,Reading,Reading,Wokingham 011D,Urban city and town,South East,53,,E01016648,,E02003449,Lower Earley South,E04001230,E00084036,E14001048,30044,1,0,2021-11-12,Earley,1.59721,RG,RG6,Thames Valley,Thames Water,9C3XC3GG+X2,75300,,Reading,"Berkshire, Buckinghamshire and Oxfordshire",Berkshire,1
77,RG6 4HE,Yes,51.426532,-0.924905,474843,170273,SU748702,Berkshire,Wokingham,Hawkedon,E06000041,E05002381,England,E11000002,Wokingham,1995-07-01,,Earley,,130.0,50.0,Reading,Reading,Wokingham 011D,Urban city and town,South East,48,,E01016648,,E02003449,Lower Earley South,E04001230,E00084036,E14001048,30044,1,0,2021-11-12,Earley,1.68819,RG,RG6,Thames Valley,Thames Water,9C3XC3GG+J2,75300,,Reading,"Berkshire, Buckinghamshire and Oxfordshire",Berkshire,1
78,RG6 4HF,Yes,51.425892,-0.911112,475803,170216,SU758702,Berkshire,Wokingham,Hawkedon,E06000041,E05002381,England,E11000002,Wokingham,1998-06-01,,Earley,,210.0,69.0,Reading,Reading,Wokingham 009A,Urban city and town,South East,40,,E01016647,,E02003447,Winnersh,E04001230,E00084015,E14001048,26727,1,0,2021-11-12,Earley,1.75574,RG,RG6,Thames Valley,Thames Water,9C3XC3GQ+9H,67800,,Reading,"Berkshire, Buckinghamshire and Oxfordshire",Berkshire,0
79,RG6 4HG,Yes,51.426716,-0.913624,475627,170305,SU756703,Berkshire,Wokingham,Hawkedon,E06000041,E05002381,England,E11000002,Wokingham,1998-06-01,,Earley,,43.0,15.0,Reading,Reading,Wokingham 011B,Urban city and town,South East,40,,E01016645,,E02003449,Lower Earley South,E04001230,E00084013,E14001048,30083,1,0,2021-11-12,Earley,1.62667,RG,RG6,Thames Valley,Thames Water,9C3XC3GP+MH,75300,,Reading,"Berkshire, Buckinghamshire and Oxfordshire",Berkshire,0
80,RG6 4HH,Yes,51.426268,-0.91188,475749,170257,SU757702,Berkshire,Wokingham,Hawkedon,E06000041,E05002381,England,E11000002,Wokingham,1998-06-01,,Earley,,121.0,37.0,Reading,Reading,Wokingham 009A,Urban city and town,South East,40,,E01016647,,E02003447,Winnersh,E04001230,E00084015,E14001048,26727,1,0,2021-11-12,Earley,1.70156,RG,RG6,Thames Valley,Thames Water,9C3XC3GQ+G6,67800,,Reading,"Berkshire, Buckinghamshire and Oxfordshire",Berkshire,0
81,RG6 4HJ,Yes,51.423679,-0.942419,473630,169938,SU736699,Berkshire,Wokingham,Hillside,E06000041,E05002382,England,E11000002,Wokingham,1992-08-01,,Earley,,194.0,64.0,Reading,Reading,Wokingham 012C,Urban city and town,South East,77,,E01016655,,E02003450,Shinfield,E04001230,E00084052,E14001048,32800,1,0,2021-11-12,Earley,2.57134,RG,RG6,Thames Valley,Thames Water,9C3XC3F5+F2,70100,,Reading,"Berkshire, Buckinghamshire and Oxfordshire",Berkshire,2
82,RG6 4HL,Yes,51.426793,-0.922958,474978,170304,SU749703,Berkshire,Wokingham,Hawkedon,E06000041,E05002381,England,E11000002,Wokingham,1991-09-01,,Earley,,110.0,45.0,Reading,Reading,Wokingham 011D,Urban city and town,South East,46,,E01016648,,E02003449,Lower Earley South,E04001230,E00084032,E14001048,30044,1,0,2021-11-12,Earley,1.62662,RG,RG6,Thames Valley,Thames Water,9C3XC3GG+PR,75300,,Reading,"Berkshire, Buckinghamshire and Oxfordshire",Berkshire,0
83,RG6 4HN,Yes,51.422433,-0.942879,473600,169799,SU735697,Berkshire,Wokingham,Hillside,E06000041,E05002382,England,E11000002,Wokingham,1987-04-01,,Earley,,218.0,92.0,Reading,Reading,Wokingham 012C,Urban city and town,South East,74,,E01016655,,E02003450,Shinfield,E04001230,E00084052,E14001048,32800,1,0,2021-11-12,Earley,2.6974,RG,RG6,Thames Valley,Thames Water,9C3XC3C4+XR,70100,,Reading,"Berkshire, Buckinghamshire and Oxfordshire",Berkshire,2
84,RG6 4HP,Yes,51.422709,-0.938515,473903,169834,SU739698,Berkshire,Wokingham,Hillside,E06000041,E05002382,England,E11000002,Wokingham,1987-04-01,,Earley,,65.0,21.0,Reading,Reading,Wokingham 012B,Urban city and town,South East,71,,E01016654,,E02003450,Shinfield,E04001230,E00084050,E14001048,32673,1,0,2021-11-12,Earley,2.48966,RG,RG6,Thames Valley,Thames Water,9C3XC3F6+3H,70100,,Reading,"Berkshire, Buckinghamshire and Oxfordshire",Berkshire,2
85,RG6 4HQ,Yes,51.42381,-0.939923,473803,169955,SU738699,Berkshire,Wokingham,Hillside,E06000041,E05002382,England,E11000002,Wokingham,1987-04-01,,Earley,,1.0,1.0,Reading,Reading,Wokingham 012C,Urban city and town,South East,74,,E01016655,,E02003450,Shinfield,E04001230,E00084051,E14001048,32800,1,0,2021-11-12,Earley,2.44953,RG,RG6,Thames Valley,Thames Water,9C3XC3F6+G2,70100,,Reading,"Berkshire, Buckinghamshire and Oxfordshire",Berkshire,2
86,RG6 4HR,Yes,51.423224,-0.939811,473812,169890,SU738698,Berkshire,Wokingham,Hillside,E06000041,E05002382,England,E11000002,Wokingham,1987-04-01,,Earley,,41.0,13.0,Reading,Reading,Wokingham 012C,Urban city and town,South East,74,,E01016655,,E02003450,Shinfield,E04001230,E00084051,E14001048,32800,1,0,2021-11-12,Earley,2.49623,RG,RG6,Thames Valley,Thames Water,9C3XC3F6+73,70100,,Reading,"Berkshire, Buckinghamshire and Oxfordshire",Berkshire,2
87,RG6 4HS,Yes,51.423071,-0.938765,473885,169874,SU738698,Berkshire,Wokingham,Hillside,E06000041,E05002382,England,E11000002,Wokingham,1987-04-01,,Earley,,46.0,17.0,Reading,Reading,Wokingham 012B,Urban city and town,South East,73,,E01016654,,E02003450,Shinfield,E04001230,E00084050,E14001048,32673,1,0,2021-11-12,Earley,2.46681,RG,RG6,Thames Valley,Thames Water,9C3XC3F6+6F,70100,,Reading,"Berkshire, Buckinghamshire and Oxfordshire",Berkshire,2
88,RG6 4HT,Yes,51.421294,-0.9422,473649,169673,SU736696,Berkshire,Wokingham,Hillside,E06000041,E05002382,England,E11000002,Wokingham,1986-04-01,,Earley,,20.0,9.0,Reading,Reading,Wokingham 012C,Urban city and town,South East,68,,E01016655,,E02003450,Shinfield,E04001230,E00084055,E14001048,32800,1,0,2021-11-12,Earley,2.76714,RG,RG6,Thames Valley,Thames Water,9C3XC3C5+G4,70100,,Reading,"Berkshire, Buckinghamshire and Oxfordshire",Berkshire,2
89,RG6 4HU,Yes,51.421621,-0.942581,473622,169709,SU736697,Berkshire,Wokingham,Hillside,E06000041,E05002382,England,E11000002,Wokingham,1986-04-01,,Earley,,15.0,7.0,Reading,Reading,Wokingham 012C,Urban city and town,South East,70,,E01016655,,E02003450,Shinfield,E04001230,E00084055,E14001048,32800,1,0,2021-11-12,Earley,2.75458,RG,RG6,Thames Valley,Thames Water,9C3XC3C4+JX,70100,,Reading,"Berkshire, Buckinghamshire and Oxfordshire",Berkshire,2
90,RG6 4HW,Yes,51.426135,-0.912958,475674,170241,SU756702,Berkshire,Wokingham,Hawkedon,E06000041,E05002381,England,E11000002,Wokingham,1998-06-01,,Earley,,75.0,26.0,Reading,Reading,Wokingham 009A,Urban city and town,South East,40,,E01016647,,E02003447,Winnersh,E04001230,E00084015,E14001048,26727,1,0,2021-11-12,Earley,1.699,RG,RG6,Thames Valley,Thames Water,9C3XC3GP+FR,67800,,Reading,"Berkshire, Buckinghamshire and Oxfordshire",Berkshire,0
91,RG6 4HX,Yes,51.4217,-0.941342,473708,169719,SU737697,Berkshire,Wokingham,Hillside,E06000041,E05002382,England,E11000002,Wokingham,1986-04-01,,Earley,,65.0,21.0,Reading,Reading,Wokingham 012C,Urban city and town,South East,71,,E01016655,,E02003450,Shinfield,E04001230,E00084051,E14001048,32800,1,0,2021-11-12,Earley,2.6953,RG,RG6,Thames Valley,Thames Water,9C3XC3C5+MF,70100,,Reading,"Berkshire, Buckinghamshire and Oxfordshire",Berkshire,2
92,RG6 4HY,Yes,51.421759,-0.939889,473809,169727,SU738697,Berkshire,Wokingham,Hillside,E06000041,E05002382,England,E11000002,Wokingham,1986-04-01,,Earley,,86.0,31.0,Reading,Reading,Wokingham 012C,Urban city and town,South East,70,,E01016655,,E02003450,Shinfield,E04001230,E00084051,E14001048,32800,1,0,2021-11-12,Earley,2.63075,RG,RG6,Thames Valley,Thames Water,9C3XC3C6+P2,70100,,Reading,"Berkshire, Buckinghamshire and Oxfordshire",Berkshire,2
93,RG6 4HZ,Yes,51.422332,-0.940666,473754,169790,SU737697,Berkshire,Wokingham,Hillside,E06000041,E05002382,England,E11000002,Wokingham,1986-04-01,,Earley,,66.0,28.0,Reading,Reading,Wokingham 012C,Urban city and town,South East,73,,E01016655,,E02003450,Shinfield,E04001230,E00084051,E14001048,32800,1,0,2021-11-12,Earley,2.61102,RG,RG6,Thames Valley,Thames Water,9C3XC3C5+WP,70100,,Reading,"Berkshire, Buckinghamshire and Oxfordshire",Berkshire,2
94,RG6 4JA,Yes,51.42313,-0.918729,475278,169901,SU752699,Berkshire,Wokingham,Hawkedon,E06000041,E05002381,England,E11000002,Wokingham,1986-04-01,,Earley,,150.0,51.0,Reading,Reading,Wokingham 011C,Urban city and town,South East,40,,E01016646,,E02003449,Lower Earley South,E04001230,E00084017,E14001048,30028,1,0,2021-11-12,Earley,1.99746,RG,RG6,Thames Valley,Thames Water,9C3XC3FJ+7G,75300,,Reading,"Berkshire, Buckinghamshire and Oxfordshire",Berkshire,0
95,RG6 4JB,Yes,51.423149,-0.916887,475406,169905,SU754699,Berkshire,Wokingham,Hawkedon,E06000041,E05002381,England,E11000002,Wokingham,1986-04-01,,Earley,,31.0,14.0,Reading,Reading,Wokingham 011C,Urban city and town,South East,40,,E01016646,,E02003449,Lower Earley South,E04001230,E00084038,E14001048,30028,1,0,2021-11-12,Earley,1.99615,RG,RG6,Thames Valley,Thames Water,9C3XC3FM+76,75300,,Reading,"Berkshire, Buckinghamshire and Oxfordshire",Berkshire,0
96,RG6 4JD,Yes,51.423531,-0.917353,475373,169947,SU753699,Berkshire,Wokingham,Hawkedon,E06000041,E05002381,England,E11000002,Wokingham,1986-04-01,,Earley,,31.0,9.0,Reading,Reading,Wokingham 011C,Urban city and town,South East,40,,E01016646,,E02003449,Lower Earley South,E04001230,E00084038,E14001048,30028,1,0,2021-11-12,Earley,1.95274,RG,RG6,Thames Valley,Thames Water,9C3XC3FM+C3,75300,,Reading,"Berkshire, Buckinghamshire and Oxfordshire",Berkshire,0
97,RG6 4JE,Yes,51.423136,-0.91939,475232,169901,SU752699,Berkshire,Wokingham,Hawkedon,E06000041,E05002381,England,E11000002,Wokingham,1986-04-01,,Earley,,19.0,6.0,Reading,Reading,Wokingham 011C,Urban city and town,South East,41,,E01016646,,E02003449,Lower Earley South,E04001230,E00084017,E14001048,30028,1,0,2021-11-12,Earley,1.99849,RG,RG6,Thames Valley,Thames Water,9C3XC3FJ+76,75300,,Reading,"Berkshire, Buckinghamshire and Oxfordshire",Berkshire,0
98,RG6 4JF,Yes,51.424269,-0.919407,475229,170027,SU752700,Berkshire,Wokingham,Hawkedon,E06000041,E05002381,England,E11000002,Wokingham,1990-02-01,,Earley,,92.0,35.0,Reading,Reading,Wokingham 011D,Urban city and town,South East,41,,E01016648,,E02003449,Lower Earley South,E04001230,E00084016,E14001048,30044,1,0,2021-11-12,Earley,1.87281,RG,RG6,Thames Valley,Thames Water,9C3XC3FJ+P6,75300,,Reading,"Berkshire, Buckinghamshire and Oxfordshire",Berkshire,0
99,RG6 4JG,Yes,51.422709,-0.92186,475061,169851,SU750698,Berkshire,Wokingham,Hawkedon,E06000041,E05002381,England,E11000002,Wokingham,1986-04-01,,Earley,,111.0,46.0,Reading,Reading,Wokingham 011C,Urban city and town,South East,42,,E01016646,,E02003449,Lower Earley South,E04001230,E00084039,E14001048,30028,1,0,2021-11-12,Earley,2.06111,RG,RG6,Thames Valley,Thames Water,9C3XC3FH+37,75300,,Reading,"Berkshire, Buckinghamshire and Oxfordshire",Berkshire,0
100,RG6 4JH,Yes,51.422294,-0.918777,475276,169808,SU752698,Berkshire,Wokingham,Hawkedon,E06000041,E05002381,England,E11000002,Wokingham,1986-04-01,,Earley,,29.0,14.0,Reading,Reading,Wokingham 011C,Urban city and town,South East,41,,E01016646,,E02003449,Lower Earley South,E04001230,E00084017,E14001048,30028,1,0,2021-11-12,Earley,2.09041,RG,RG6,Thames Valley,Thames Water,9C3XC3CJ+WF,75300,,Reading,"Berkshire, Buckinghamshire and Oxfordshire",Berkshire,0
101,RG6 4JJ,Yes,51.422361,-0.918229,475314,169816,SU753698,Berkshire,Wokingham,Hawkedon,E06000041,E05002381,England,E11000002,Wokingham,1986-04-01,,Earley,,64.0,29.0,Reading,Reading,Wokingham 011C,Urban city and town,South East,40,,E01016646,,E02003449,Lower Earley South,E04001230,E00084017,E14001048,30028,1,0,2021-11-12,Earley,2.08232,RG,RG6,Thames Valley,Thames Water,9C3XC3CJ+WP,75300,,Reading,"Berkshire, Buckinghamshire and Oxfordshire",Berkshire,0
102,RG6 4JL,Yes,51.422193,-0.917528,475363,169798,SU753697,Berkshire,Wokingham,Hawkedon,E06000041,E05002381,England,E11000002,Wokingham,1986-04-01,,Earley,,28.0,12.0,Reading,Reading,Wokingham 011C,Urban city and town,South East,40,,E01016646,,E02003449,Lower Earley South,E04001230,E00084014,E14001048,30028,1,0,2021-11-12,Earley,2.10116,RG,RG6,Thames Valley,Thames Water,9C3XC3CJ+VX,75300,,Reading,"Berkshire, Buckinghamshire and Oxfordshire",Berkshire,0
103,RG6 4JN,Yes,51.422229,-0.922432,475022,169797,SU750697,Berkshire,Wokingham,Hawkedon,E06000041,E05002381,England,E11000002,Wokingham,1987-10-01,,Earley,,27.0,16.0,Reading,Reading,Wokingham 011C,Urban city and town,South East,42,,E01016646,,E02003449,Lower Earley South,E04001230,E00084014,E14001048,30028,1,0,2021-11-12,Earley,2.1194,RG,RG6,Thames Valley,Thames Water,9C3XC3CH+V2,75300,,Reading,"Berkshire, Buckinghamshire and Oxfordshire",Berkshire,0
104,RG6 4JP,Yes,51.422882,-0.921022,475119,169871,SU751698,Berkshire,Wokingham,Hawkedon,E06000041,E05002381,England,E11000002,Wokingham,1988-03-01,,Earley,,36.0,11.0,Reading,Reading,Wokingham 011C,Urban city and town,South East,42,,E01016646,,E02003449,Lower Earley South,E04001230,E00084017,E14001048,30028,1,0,2021-11-12,Earley,2.03524,RG,RG6,Thames Valley,Thames Water,9C3XC3FH+5H,75300,,Reading,"Berkshire, Buckinghamshire and Oxfordshire",Berkshire,0
105,RG6 4JQ,Yes,51.422108,-0.920062,475187,169786,SU751697,Berkshire,Wokingham,Hawkedon,E06000041,E05002381,England,E11000002,Wokingham,1986-04-01,,Earley,,23.0,14.0,Reading,Reading,Wokingham 011C,Urban city and town,South East,41,,E01016646,,E02003449,Lower Earley South,E04001230,E00084014,E14001048,30028,1,0,2021-11-12,Earley,2.11525,RG,RG6,Thames Valley,Thames Water,9C3XC3CH+RX,75300,,Reading,"Berkshire, Buckinghamshire and Oxfordshire",Berkshire,0
106,RG6 4JS,Yes,51.4248,-0.920329,475164,170085,SU751700,Berkshire,Wokingham,Hawkedon,E06000041,E05002381,England,E11000002,Wokingham,1990-02-01,,Earley,,77.0,25.0,Reading,Reading,Wokingham 011D,Urban city and town,South East,41,,E01016648,,E02003449,Lower Earley South,E04001230,E00084016,E14001048,30044,1,0,2021-11-12,Earley,1.81847,RG,RG6,Thames Valley,Thames Water,9C3XC3FH+WV,75300,,Reading,"Berkshire, Buckinghamshire and Oxfordshire",Berkshire,0
107,RG6 4JT,Yes,51.423805,-0.921676,475072,169973,SU750699,Berkshire,Wokingham,Hawkedon,E06000041,E05002381,England,E11000002,Wokingham,1990-02-01,,Earley,,35.0,12.0,Reading,Reading,Wokingham 011C,Urban city and town,South East,42,,E01016646,,E02003449,Lower Earley South,E04001230,E00084039,E14001048,30028,1,0,2021-11-12,Earley,1.9387,RG,RG6,Thames Valley,Thames Water,9C3XC3FH+G8,75300,,Reading,"Berkshire, Buckinghamshire and Oxfordshire",Berkshire,0
108,RG6 4JU,Yes,51.425866,-0.916061,475459,170208,SU754702,Berkshire,Wokingham,Hawkedon,E06000041,E05002381,England,E11000002,Wokingham,1986-07-01,,Earley,,43.0,18.0,Reading,Reading,Wokingham 011C,Urban city and town,South East,41,,E01016646,,E02003449,Lower Earley South,E04001230,E00084037,E14001048,30028,1,0,2021-11-12,Earley,1.69803,RG,RG6,Thames Valley,Thames Water,9C3XC3GM+8H,75300,,Reading,"Berkshire, Buckinghamshire and Oxfordshire",Berkshire,0
109,RG6 4JW,Yes,51.423236,-0.921416,475091,169910,SU750699,Berkshire,Wokingham,Hawkedon,E06000041,E05002381,England,E11000002,Wokingham,1988-03-01,,Earley,,51.0,18.0,Reading,Reading,Wokingham 011C,Urban city and town,South East,41,,E01016646,,E02003449,Lower Earley South,E04001230,E00084039,E14001048,30028,1,0,2021-11-12,Earley,1.99917,RG,RG6,Thames Valley,Thames Water,9C3XC3FH+7C,75300,,Reading,"Berkshire, Buckinghamshire and Oxfordshire",Berkshire,0
110,RG6 4JX,Yes,51.425226,-0.914868,475543,170138,SU755701,Berkshire,Wokingham,Hawkedon,E06000041,E05002381,England,E11000002,Wokingham,1986-07-01,,Earley,,49.0,19.0,Reading,Reading,Wokingham 011C,Urban city and town,South East,40,,E01016646,,E02003449,Lower Earley South,E04001230,E00084037,E14001048,30028,1,0,2021-11-12,Earley,1.77709,RG,RG6,Thames Valley,Thames Water,9C3XC3GP+33,75300,,Reading,"Berkshire, Buckinghamshire and Oxfordshire",Berkshire,0
111,RG6 4JY,Yes,51.425565,-0.914615,475560,170176,SU755701,Berkshire,Wokingham,Hawkedon,E06000041,E05002381,England,E11000002,Wokingham,1986-07-01,,Earley,,166.0,56.0,Reading,Reading,Wokingham 011C,Urban city and town,South East,40,,E01016646,,E02003449,Lower Earley South,E04001230,E00084014,E14001048,30028,1,0,2021-11-12,Earley,1.74197,RG,RG6,Thames Valley,Thames Water,9C3XC3GP+65,75300,,Reading,"Berkshire, Buckinghamshire and Oxfordshire",Berkshire,0
112,RG6 4JZ,Yes,51.42395,-0.913071,475670,169998,SU756699,Berkshire,Wokingham,Hawkedon,E06000041,E05002381,England,E11000002,Wokingham,1986-07-01,,Earley,,61.0,21.0,Reading,Reading,Wokingham 011C,Urban city and town,South East,41,,E01016646,,E02003449,Lower Earley South,E04001230,E00084014,E14001048,30028,1,0,2021-11-12,Earley,1.93589,RG,RG6,Thames Valley,Thames Water,9C3XC3FP+HQ,75300,,Reading,"Berkshire, Buckinghamshire and Oxfordshire",Berkshire,0
113,RG6 4LP,Yes,51.457625,-0.945636,473352,173710,SU733737,Berkshire,Wokingham,Bulmershe and Whitegates,E06000041,E05002374,England,E11000002,Reading East,2008-03-01,,Earley,,,,Reading,Reading,Wokingham 006A,Urban city and town,South East,43,,E01016613,,E02003444,Earley,E04001230,E00083877,E14000889,20027,1,1,2021-11-12,Reading,1.82048,RG,RG6,Thames Valley,Thames Water,9C3XF353+3P,64800,,Reading,"Berkshire, Buckinghamshire and Oxfordshire",Berkshire,3
114,RG6 4NY,Yes,51.425802,-0.925742,474786,170191,SU747701,Berkshire,Wokingham,Hawkedon,E06000041,E05002381,England,E11000002,Wokingham,1997-12-01,,Earley,,101.0,35.0,Reading,Reading,Wokingham 011D,Urban city and town,South East,47,,E01016648,,E02003449,Lower Earley South,E04001230,E00084036,E14001048,30044,1,0,2021-11-12,Earley,1.78273,RG,RG6,Thames Valley,Thames Water,9C3XC3GF+8P,75300,,Reading,"Berkshire, Buckinghamshire and Oxfordshire",Berkshire,1
115,RG6 4NZ,Yes,51.4258,-0.926505,474733,170190,SU747701,Berkshire,Wokingham,Hawkedon,E06000041,E05002381,England,E11000002,Wokingham,1997-12-01,,Earley,,185.0,69.0,Reading,Reading,Wokingham 011E,Urban city and town,South East,48,,E01016649,,E02003449,Lower Earley South,E04001230,E00084034,E14001048,31414,1,0,2021-11-12,Earley,1.79957,RG,RG6,Thames Valley,Thames Water,9C3XC3GF+89,75300,,Reading,"Berkshire, Buckinghamshire and Oxfordshire",Berkshire,1
116,RG6 4PS,Yes,51.42769,-0.92367,474927,170403,SU749704,Berkshire,Wokingham,Hawkedon,E06000041,E05002381,England,E11000002,Wokingham,1998-12-01,,Earley,,,,Reading,Reading,Wokingham 011D,Urban city and town,South East,52,,E01016648,,E02003449,Lower Earley South,E04001230,E00084031,E14001048,30044,1,0,2021-11-12,Earley,1.5412,RG,RG6,Thames Valley,Thames Water,9C3XC3HG+3G,75300,,Reading,"Berkshire, Buckinghamshire and Oxfordshire",Berkshire,0
117,RG6 4UP,Yes,51.421719,-0.929577,474526,169733,SU745697,Berkshire,Wokingham,Hawkedon,E06000041,E05002381,England,E11000002,Wokingham,2005-02-01,,Earley,,,,Reading,Reading,Wokingham 011E,Urban city and town,South East,45,,E01016649,,E02003449,Lower Earley South,E04001230,E00084019,E14001048,31414,1,0,2021-11-12,Earley,2.29837,RG,RG6,Thames Valley,Thames Water,9C3XC3CC+M5,75300,,Reading,"Berkshire, Buckinghamshire and Oxfordshire",Berkshire,1
118,RG6 4UT,Yes,51.421393,-0.928348,474612,169698,SU746696,Berkshire,Wokingham,Hawkedon,E06000041,E05002381,England,E11000002,Wokingham,1984-10-01,,Earley,,4.0,1.0,Reading,Reading,Wokingham 011E,Urban city and town,South East,44,,E01016649,,E02003449,Lower Earley South,E04001230,E00084041,E14001048,31414,1,0,2021-11-12,Earley,2.30443,RG,RG6,Thames Valley,Thames Water,9C3XC3CC+HM,75300,,Reading,"Berkshire, Buckinghamshire and Oxfordshire",Berkshire,1
119,RG6 4UU,Yes,51.426734,-0.916544,475424,170304,SU754703,Berkshire,Wokingham,Hawkedon,E06000041,E05002381,England,E11000002,Wokingham,1981-06-01,,Earley,,25.0,10.0,Reading,Reading,Wokingham 011C,Urban city and town,South East,42,,E01016646,,E02003449,Lower Earley South,E04001230,E00084014,E14001048,30028,1,0,2021-11-12,Earley,1.59946,RG,RG6,Thames Valley,Thames Water,9C3XC3GM+M9,75300,,Reading,"Berkshire, Buckinghamshire and Oxfordshire",Berkshire,0
120,RG6 4UW,Yes,51.421057,-0.928855,474577,169660,SU745696,Berkshire,Wokingham,Hawkedon,E06000041,E05002381,England,E11000002,Wokingham,1991-09-01,,Earley,,,,Reading,Reading,Wokingham 011E,Urban city and town,South East,45,,E01016649,,E02003449,Lower Earley South,E04001230,E00084041,E14001048,31414,1,0,2021-11-12,Earley,2.35095,RG,RG6,Thames Valley,Thames Water,9C3XC3CC+CF,75300,,Reading,"Berkshire, Buckinghamshire and Oxfordshire",Berkshire,1
121,RG6 4UY,Yes,51.423608,-0.922802,474994,169950,SU749699,Berkshire,Wokingham,Hawkedon,E06000041,E05002381,England,E11000002,Wokingham,1990-07-01,,Earley,,64.0,25.0,Reading,Reading,Wokingham 011C,Urban city and town,South East,42,,E01016646,,E02003449,Lower Earley South,E04001230,E00084039,E14001048,30028,1,0,2021-11-12,Earley,1.97208,RG,RG6,Thames Valley,Thames Water,9C3XC3FG+CV,75300,,Reading,"Berkshire, Buckinghamshire and Oxfordshire",Berkshire,0
122,RG6 4UZ,Yes,51.423143,-0.924079,474906,169897,SU749698,Berkshire,Wokingham,Hawkedon,E06000041,E05002381,England,E11000002,Wokingham,1990-07-01,,Earley,,50.0,23.0,Reading,Reading,Wokingham 011C,Urban city and town,South East,43,,E01016646,,E02003449,Lower Earley South,E04001230,E00084039,E14001048,30028,1,0,2021-11-12,Earley,2.03948,RG,RG6,Thames Valley,Thames Water,9C3XC3FG+79,75300,,Reading,"Berkshire, Buckinghamshire and Oxfordshire",Berkshire,1
123,RG6 4XA,Yes,51.422661,-0.927341,474680,169840,SU746698,Berkshire,Wokingham,Hawkedon,E06000041,E05002381,England,E11000002,Wokingham,1981-06-01,,Earley,,63.0,24.0,Reading,Reading,Wokingham 011E,Urban city and town,South East,47,,E01016649,,E02003449,Lower Earley South,E04001230,E00084041,E14001048,31414,1,0,2021-11-12,Earley,2.14892,RG,RG6,Thames Valley,Thames Water,9C3XC3FF+33,75300,,Reading,"Berkshire, Buckinghamshire and Oxfordshire",Berkshire,1
124,RG6 4XB,Yes,51.42274,-0.925138,474833,169851,SU748698,Berkshire,Wokingham,Hawkedon,E06000041,E05002381,England,E11000002,Wokingham,1986-07-01,,Earley,,82.0,28.0,Reading,Reading,Wokingham 011E,Urban city and town,South East,44,,E01016649,,E02003449,Lower Earley South,E04001230,E00084041,E14001048,31414,1,0,2021-11-12,Earley,2.0994,RG,RG6,Thames Valley,Thames Water,9C3XC3FF+3W,75300,,Reading,"Berkshire, Buckinghamshire and Oxfordshire",Berkshire,1
125,RG6 4XE,Yes,51.424572,-0.924951,474843,170055,SU748700,Berkshire,Wokingham,Hawkedon,E06000041,E05002381,England,E11000002,Wokingham,1990-07-01,,Earley,,115.0,46.0,Reading,Reading,Wokingham 011E,Urban city and town,South East,45,,E01016649,,E02003449,Lower Earley South,E04001230,E00084034,E14001048,31414,1,0,2021-11-12,Earley,1.89885,RG,RG6,Thames Valley,Thames Water,9C3XC3FG+R2,75300,,Reading,"Berkshire, Buckinghamshire and Oxfordshire",Berkshire,1
